uid,name,grade,section
0000,Noah,9,A
0001,Liam,1,C
0002,William,6,A
0003,Mason,8,A
0004,James,3,B
0005,Benjamin,4,B
0006,Jacob,6,B
0007,Michael,5,A
0008,Elijah,2,C
0009,Ethan,7,B
0010,Alexander,2,B
0011,Oliver,1,A
0012,Daniel,10,C
0013,Lucas,3,A
0014,Matthew,7,C
0015,Aiden,10,A
0016,Jackson,9,A
0017,Logan,2,A
0018,David,6,A
0019,Joseph,8,C
0020,Samuel,4,B
0021,Henry,6,C
0022,Owen,9,A
0023,Sebastian,8,C
0024,Gabriel,4,B
0025,Carter,6,C
0026,Jayden,10,B
0027,John,3,C
0028,Luke,2,B
0029,Anthony,7,A
0030,Isaac,5,C
0031,Dylan,9,C
0032,Wyatt,3,B
0033,Andrew,3,A
0034,Joshua,3,A
0035,Christopher,3,A
0036,Grayson,1,B
0037,Jack,6,B
0038,Julian,5,C
0039,Ryan,1,B
0040,Jaxon,5,C
0041,Levi,2,A
0042,Nathan,7,B
0043,Caleb,4,B
0044,Hunter,5,C
0045,Christian,10,A
0046,Isaiah,3,C
0047,Thomas,7,C
0048,Aaron,7,C
0049,Lincoln,3,C
0050,Charles,4,A
0051,Eli,10,C
0052,Landon,3,A
0053,Connor,7,A
0054,Josiah,2,B
0055,Jonathan,6,C
0056,Cameron,7,B
0057,Jeremiah,8,C
0058,Mateo,10,A
0059,Adrian,6,A
0060,Hudson,1,A
0061,Robert,2,C
0062,Nicholas,7,C
0063,Brayden,10,A
0064,Nolan,9,A
0065,Easton,5,B
0066,Jordan,10,A
0067,Colton,4,B
0068,Evan,2,C
0069,Angel,4,C
0070,Asher,3,B
0071,Dominic,7,C
0072,Austin,1,B
0073,Leo,9,B
0074,Adam,4,B
0075,Jace,8,C
0076,Jose,8,A
0077,Ian,4,B
0078,Cooper,9,A
0079,Gavin,10,A
0080,Carson,1,A
0081,Jaxson,5,A
0082,Theodore,8,C
0083,Jason,5,A
0084,Ezra,9,A
0085,Chase,5,C
0086,Parker,9,A
0087,Xavier,7,C
0088,Kevin,10,A
0089,Zachary,3,A
0090,Tyler,3,B
0091,Ayden,7,A
0092,Elias,4,A
0093,Bryson,8,B
0094,Leonardo,2,C
0095,Greyson,6,A
0096,Sawyer,1,B
0097,Roman,1,B
0098,Brandon,4,A
0099,Bentley,7,C
0100,Kayden,1,B
0101,Ryder,4,A
0102,Nathaniel,5,A
0103,Vincent,1,B
0104,Miles,1,B
0105,Santiago,2,B
0106,Harrison,5,A
0107,Tristan,7,A
0108,Declan,2,A
0109,Cole,7,B
0110,Maxwell,2,B
0111,Luis,6,C
0112,Justin,7,A
0113,Everett,3,B
0114,Micah,2,B
0115,Axel,10,A
0116,Wesley,10,B
0117,Max,7,A
0118,Silas,8,A
0119,Weston,1,C
0120,Ezekiel,2,A
0121,Juan,9,C
0122,Damian,10,B
0123,Camden,1,A
0124,George,5,C
0125,Braxton,4,A
0126,Blake,1,C
0127,Jameson,6,B
0128,Diego,10,C
0129,Carlos,6,A
0130,Ivan,5,B
0131,Kingston,7,B
0132,Ashton,2,A
0133,Jesus,4,C
0134,Brody,4,A
0135,Emmett,7,B
0136,Abel,9,B
0137,Jayce,5,B
0138,Maverick,5,B
0139,Bennett,4,C
0140,Giovanni,4,A
0141,Eric,6,A
0142,Maddox,6,C
0143,Kaiden,10,B
0144,Kai,4,A
0145,Bryce,6,A
0146,Alex,1,A
0147,Calvin,9,C
0148,Ryker,3,C
0149,Jonah,10,A
0150,Luca,5,C
0151,King,1,A
0152,Timothy,7,C
0153,Alan,5,B
0154,Brantley,10,C
0155,Malachi,7,B
0156,Emmanuel,6,A
0157,Abraham,4,B
0158,Antonio,9,C
0159,Richard,7,C
0160,Jude,2,A
0161,Miguel,2,C
0162,Edward,3,B
0163,Victor,7,B
0164,Amir,9,A
0165,Joel,8,C
0166,Steven,2,C
0167,Matteo,5,A
0168,Hayden,1,B
0169,Patrick,3,C
0170,Grant,6,C
0171,Preston,6,C
0172,Tucker,2,C
0173,Jesse,6,A
0174,Finn,5,B
0175,Oscar,9,C
0176,Kaleb,5,B
0177,Gael,3,A
0178,Graham,10,A
0179,Elliot,8,C
0180,Alejandro,5,A
0181,Rowan,6,B
0182,Marcus,2,B
0183,Jeremy,2,B
0184,Zayden,7,B
0185,Karter,4,B
0186,Beau,1,B
0187,Bryan,4,B
0188,Maximus,9,B
0189,Aidan,1,B
0190,Avery,2,C
0191,Elliott,9,B
0192,August,1,C
0193,Nicolas,3,C
0194,Mark,9,C
0195,Colin,4,C
0196,Waylon,6,A
0197,Bradley,5,C
0198,Kyle,7,A
0199,Kaden,5,C
0200,Xander,6,A
0201,Caden,2,B
0202,Paxton,4,B
0203,Brian,4,C
0204,Dean,3,C
0205,Paul,2,A
0206,Peter,2,B
0207,Kenneth,7,B
0208,Jasper,3,A
0209,Lorenzo,3,A
0210,Zane,2,C
0211,Zion,4,A
0212,Beckett,6,A
0213,River,5,C
0214,Jax,2,C
0215,Andres,5,B
0216,Dawson,4,B
0217,Messiah,1,B
0218,Jaden,4,B
0219,Rhett,1,B
0220,Brady,6,A
0221,Lukas,9,B
0222,Omar,5,A
0223,Jorge,9,A
0224,Riley,8,B
0225,Derek,5,A
0226,Charlie,4,B
0227,Emiliano,8,C
0228,Griffin,3,C
0229,Myles,2,A
0230,Brooks,9,A
0231,Israel,1,A
0232,Sean,6,C
0233,Judah,4,A
0234,Iker,1,A
0235,Javier,4,B
0236,Erick,2,C
0237,Tanner,8,A
0238,Corbin,4,C
0239,Adriel,1,C
0240,Jase,5,B
0241,Jake,8,B
0242,Simon,8,C
0243,Cayden,10,C
0244,Knox,8,B
0245,Tobias,10,A
0246,Felix,10,C
0247,Milo,7,C
0248,Jayceon,4,C
0249,Gunner,7,A
0250,Francisco,1,A
0251,Kameron,3,C
0252,Cash,1,C
0253,Remington,8,B
0254,Reid,4,C
0255,Cody,7,B
0256,Martin,10,B
0257,Andre,8,B
0258,Rylan,4,A
0259,Maximiliano,7,A
0260,Zander,6,B
0261,Archer,4,C
0262,Barrett,8,B
0263,Killian,2,A
0264,Stephen,6,C
0265,Clayton,5,A
0266,Thiago,6,C
0267,Spencer,7,B
0268,Amari,9,C
0269,Josue,4,C
0270,Holden,6,B
0271,Emilio,3,C
0272,Arthur,10,A
0273,Chance,1,C
0274,Eduardo,7,B
0275,Leon,10,C
0276,Travis,7,C
0277,Ricardo,9,B
0278,Damien,6,C
0279,Manuel,4,B
0280,Gage,10,C
0281,Keegan,8,A
0282,Titus,4,C
0283,Raymond,2,B
0284,Kyrie,3,A
0285,Nash,2,A
0286,Finley,2,B
0287,Fernando,9,B
0288,Louis,10,C
0289,Peyton,5,C
0290,Rafael,10,B
0291,Phoenix,5,A
0292,Jaiden,5,C
0293,Lane,5,B
0294,Dallas,1,A
0295,Emerson,4,C
0296,Cristian,10,C
0297,Collin,2,A
0298,Kyler,3,B
0299,Devin,8,B
0300,Jeffrey,5,C
0301,Walter,2,A
0302,Anderson,5,C
0303,Cesar,10,A
0304,Mario,8,A
0305,Donovan,10,A
0306,Seth,7,C
0307,Garrett,9,B
0308,Enzo,1,C
0309,Conner,10,C
0310,Legend,10,A
0311,Caiden,6,B
0312,Beckham,8,C
0313,Jett,8,C
0314,Ronan,5,A
0315,Troy,9,A
0316,Karson,10,C
0317,Edwin,7,B
0318,Hector,2,A
0319,Cohen,8,A
0320,Ali,5,B
0321,Trevor,10,A
0322,Conor,5,B
0323,Orion,6,C
0324,Shane,9,B
0325,Andy,7,B
0326,Marco,9,A
0327,Walker,4,A
0328,Angelo,7,A
0329,Quinn,7,C
0330,Dalton,5,B
0331,Sergio,10,B
0332,Ace,4,A
0333,Tyson,4,C
0334,Johnny,2,B
0335,Dominick,4,C
0336,Colt,5,C
0337,Johnathan,9,B
0338,Gideon,7,B
0339,Julius,2,B
0340,Cruz,1,B
0341,Edgar,9,A
0342,Prince,5,A
0343,Dante,6,C
0344,Marshall,6,C
0345,Ellis,2,A
0346,Joaquin,6,B
0347,Major,5,C
0348,Arlo,6,A
0349,Alexis,9,A
0350,Reed,8,B
0351,Muhammad,10,A
0352,Frank,2,A
0353,Theo,8,A
0354,Shawn,6,B
0355,Erik,4,C
0356,Grady,4,C
0357,Nehemiah,4,A
0358,Daxton,5,C
0359,Atticus,7,A
0360,Gregory,3,A
0361,Matias,8,C
0362,Bodhi,1,A
0363,Emanuel,5,C
0364,Jensen,10,A
0365,Kash,4,A
0366,Romeo,8,B
0367,Desmond,6,C
0368,Solomon,9,C
0369,Allen,3,A
0370,Jaylen,4,B
0371,Leonel,4,A
0372,Roberto,6,B
0373,Pedro,8,A
0374,Kason,10,C
0375,Fabian,5,B
0376,Clark,1,A
0377,Dakota,2,A
0378,Abram,3,B
0379,Noel,10,A
0380,Kayson,6,A
0381,Malik,10,A
0382,Odin,7,B
0383,Jared,2,C
0384,Warren,10,B
0385,Kendrick,7,B
0386,Rory,4,B
0387,Jonas,7,A
0388,Adan,2,B
0389,Ibrahim,4,B
0390,Trenton,5,A
0391,Finnegan,6,B
0392,Landen,9,A
0393,Adonis,3,C
0394,Jay,4,A
0395,Ruben,4,A
0396,Drew,3,B
0397,Gunnar,1,C
0398,Ismael,7,B
0399,Jaxton,7,B
0400,Kane,2,A
0401,Hendrix,6,C
0402,Atlas,4,A
0403,Pablo,4,A
0404,Zaiden,5,C
0405,Wade,6,C
0406,Russell,4,B
0407,Cade,9,B
0408,Sullivan,6,C
0409,Malcolm,1,C
0410,Kade,4,B
0411,Harvey,9,C
0412,Princeton,4,B
0413,Skyler,7,A
0414,Corey,2,A
0415,Esteban,5,C
0416,Leland,10,C
0417,Derrick,2,B
0418,Ari,3,B
0419,Kamden,4,A
0420,Zayn,2,C
0421,Porter,4,A
0422,Franklin,10,C
0423,Raiden,7,A
0424,Braylon,2,A
0425,Ronald,9,B
0426,Cyrus,7,C
0427,Benson,2,C
0428,Malakai,6,C
0429,Hugo,7,A
0430,Marcos,1,A
0431,Maximilian,3,A
0432,Hayes,9,C
0433,Philip,8,C
0434,Lawson,4,C
0435,Phillip,10,C
0436,Bruce,7,A
0437,Braylen,2,B
0438,Zachariah,3,C
0439,Damon,6,B
0440,Dexter,6,B
0441,Enrique,1,B
0442,Aden,4,C
0443,Lennox,7,A
0444,Drake,6,A
0445,Khalil,9,C
0446,Tate,1,A
0447,Zayne,9,C
0448,Milan,2,A
0449,Brock,2,A
0450,Brendan,2,C
0451,Armando,1,C
0452,Gerardo,6,A
0453,Jamison,7,A
0454,Rocco,3,B
0455,Nasir,3,A
0456,Augustus,4,C
0457,Sterling,8,B
0458,Dillon,4,A
0459,Royal,6,B
0460,Royce,9,A
0461,Moses,1,A
0462,Jaime,3,C
0463,Johan,1,B
0464,Scott,9,C
0465,Chandler,1,A
0466,Raul,8,B
0467,Remy,3,B
0468,Cason,6,A
0469,Luka,5,B
0470,Mohamed,5,B
0471,Deacon,6,C
0472,Winston,1,A
0473,Albert,3,A
0474,Pierce,4,C
0475,Taylor,10,B
0476,Nikolai,4,B
0477,Bowen,1,C
0478,Danny,8,B
0479,Francis,6,B
0480,Brycen,5,A
0481,Jayson,3,C
0482,Moises,2,A
0483,Keith,9,C
0484,Hank,10,C
0485,Quentin,2,B
0486,Kasen,2,A
0487,Donald,8,B
0488,Julio,5,B
0489,Davis,7,B
0490,Alec,7,B
0491,Kolton,5,C
0492,Lawrence,7,A
0493,Rhys,8,C
0494,Kian,4,C
0495,Nico,7,A
0496,Matthias,4,A
0497,Kellan,8,B
0498,Mathias,2,B
0499,Ariel,6,A
0500,Justice,2,C
0501,Braden,5,A
0502,Rodrigo,6,B
0503,Ryland,6,C
0504,Leonidas,10,B
0505,Jerry,6,B
0506,Ronin,4,B
0507,Alijah,10,C
0508,Kobe,9,A
0509,Lewis,8,B
0510,Dennis,10,B
0511,Luciano,9,B
0512,Ahmed,5,C
0513,Frederick,5,A
0514,Darius,9,B
0515,Arjun,8,A
0516,Dax,1,B
0517,Asa,10,A
0518,Nixon,6,B
0519,Ezequiel,5,B
0520,Eden,10,B
0521,Tony,3,B
0522,Landyn,8,B
0523,Emmitt,1,A
0524,Mathew,4,B
0525,Kyson,3,B
0526,Otto,5,A
0527,Saul,8,A
0528,Uriel,1,A
0529,Colby,1,B
0530,Dustin,8,B
0531,Omari,10,C
0532,Raphael,3,B
0533,Brennan,9,B
0534,Callen,9,C
0535,Keaton,1,B
0536,Arturo,4,A
0537,Isaias,6,C
0538,Roy,9,C
0539,Kieran,10,B
0540,Ty,1,C
0541,Dorian,5,A
0542,Cannon,10,C
0543,Marvin,4,A
0544,Cullen,7,C
0545,Sage,1,C
0546,Uriah,8,B
0547,Darren,10,B
0548,Cayson,2,B
0549,Aarav,10,A
0550,Case,6,B
0551,Izaiah,7,B
0552,Armani,9,B
0553,Gustavo,8,C
0554,Jimmy,6,C
0555,Alberto,1,B
0556,Duke,6,A
0557,Rayan,7,C
0558,Chris,3,B
0559,Casey,6,C
0560,Roland,8,B
0561,Moshe,6,C
0562,Curtis,2,A
0563,Mauricio,2,A
0564,Alonzo,7,C
0565,Yusuf,6,A
0566,Nikolas,5,A
0567,Soren,9,B
0568,Hamza,3,A
0569,Jasiah,3,B
0570,Alfredo,9,C
0571,Devon,7,A
0572,Jalen,3,B
0573,Raylan,2,C
0574,Edison,10,A
0575,Jamari,1,A
0576,Oakley,8,C
0577,Samson,8,B
0578,Lionel,1,C
0579,Reece,9,B
0580,Sam,8,C
0581,Quincy,9,C
0582,Jakob,10,A
0583,Apollo,8,C
0584,Kingsley,5,B
0585,Ahmad,6,C
0586,Bryant,5,C
0587,Alvin,6,C
0588,Trey,9,B
0589,Mohammed,4,A
0590,Conrad,9,A
0591,Mitchell,5,B
0592,Salvador,3,A
0593,Quinton,5,B
0594,Bo,6,C
0595,Mohammad,1,A
0596,Elian,3,A
0597,Gianni,10,A
0598,Lennon,5,B
0599,Leonard,2,A
0600,Douglas,5,A
0601,Cassius,9,B
0602,Ricky,10,B
0603,Carl,5,A
0604,Gary,2,A
0605,Larry,6,A
0606,Colten,2,C
0607,Ramon,7,B
0608,Kellen,2,C
0609,Korbin,9,B
0610,Wilson,4,C
0611,Kylan,9,C
0612,Santino,8,A
0613,Niko,2,C
0614,Issac,10,C
0615,Jagger,7,B
0616,Lance,10,C
0617,Joe,4,C
0618,Julien,4,B
0619,Orlando,9,A
0620,Jefferson,9,C
0621,Memphis,10,B
0622,Crosby,6,C
0623,Mekhi,7,C
0624,Nelson,10,A
0625,Lucian,2,B
0626,Ayaan,7,B
0627,Nathanael,10,C
0628,Neil,3,A
0629,Makai,2,C
0630,Finnley,10,A
0631,Rex,1,B
0632,Forrest,10,A
0633,Layton,4,C
0634,Randy,3,A
0635,Boston,7,C
0636,Tristen,3,B
0637,Tatum,8,B
0638,Brayan,1,B
0639,Sylas,3,C
0640,Thaddeus,8,B
0641,Trent,2,C
0642,Morgan,5,A
0643,Roger,1,C
0644,Abdullah,7,B
0645,Casen,6,C
0646,Maurice,7,B
0647,Sincere,9,A
0648,Titan,4,A
0649,Kyree,1,B
0650,Talon,1,A
0651,Fletcher,2,C
0652,Langston,7,A
0653,Eddie,1,C
0654,Briggs,8,B
0655,Noe,7,B
0656,Kamari,6,C
0657,Rowen,8,C
0658,Zeke,5,A
0659,Aldo,1,B
0660,Kaison,6,A
0661,Valentino,3,B
0662,Vihaan,1,A
0663,Alden,10,A
0664,Terry,1,A
0665,Bruno,8,A
0666,Canaan,6,C
0667,Lee,2,C
0668,Byron,5,B
0669,Kohen,7,A
0670,Reese,2,C
0671,Braydon,3,C
0672,Madden,2,B
0673,Deandre,2,C
0674,Flynn,2,C
0675,Harley,3,A
0676,Hezekiah,8,B
0677,Amos,5,C
0678,Harry,10,B
0679,Zain,2,B
0680,Alessandro,6,A
0681,Stanley,8,B
0682,Lucca,9,B
0683,Branson,10,B
0684,Ernesto,9,A
0685,Joziah,7,A
0686,Leandro,3,C
0687,Ares,4,C
0688,Marc,1,C
0689,Blaine,7,A
0690,Joey,7,A
0691,Jon,10,C
0692,Yosef,1,A
0693,Carmelo,3,C
0694,Franco,9,C
0695,Jamal,7,B
0696,Mack,7,A
0697,Kristian,8,A
0698,Dane,6,C
0699,Lachlan,7,B
0700,Callum,3,A
0701,Graysen,5,B
0702,Kye,1,A
0703,Ben,1,C
0704,Aryan,1,A
0705,Gannon,8,B
0706,London,7,A
0707,Kareem,5,C
0708,Stetson,10,C
0709,Kristopher,9,C
0710,Tomas,5,C
0711,Ford,10,C
0712,Bronson,4,A
0713,Enoch,4,A
0714,Baylor,9,B
0715,Kaysen,8,C
0716,Axton,3,C
0717,Jaxen,8,A
0718,Rodney,7,C
0719,Dominik,8,A
0720,Emery,5,B
0721,Layne,5,B
0722,Wilder,4,A
0723,Jamir,10,B
0724,Tripp,3,C
0725,Kelvin,9,B
0726,Vicente,3,A
0727,Augustine,2,B
0728,Brett,6,B
0729,Callan,7,C
0730,Clay,4,A
0731,Crew,10,A
0732,Brecken,6,C
0733,Jacoby,6,A
0734,Abdiel,6,C
0735,Allan,5,C
0736,Maxton,5,C
0737,Melvin,3,B
0738,Rayden,2,B
0739,Terrance,2,A
0740,Demetrius,10,B
0741,Rohan,4,B
0742,Wayne,10,A
0743,Yahir,4,B
0744,Arian,6,A
0745,Fox,2,B
0746,Brentley,2,A
0747,Ray,10,A
0748,Zechariah,8,A
0749,Cain,8,A
0750,Guillermo,10,C
0751,Otis,7,C
0752,Tommy,5,C
0753,Alonso,4,B
0754,Dariel,7,C
0755,Jedidiah,6,A
0756,Maximo,1,C
0757,Cory,2,C
0758,Grey,1,B
0759,Reyansh,8,A
0760,Skylar,3,C
0761,Marcelo,6,C
0762,Castiel,8,B
0763,Kase,8,B
0764,Toby,9,A
0765,Bobby,10,B
0766,Jadiel,8,C
0767,Marcel,7,B
0768,Lochlan,8,A
0769,Jeffery,3,A
0770,Zackary,4,C
0771,Fisher,5,C
0772,Yousef,8,A
0773,Aron,1,A
0774,Chaim,7,B
0775,Felipe,8,C
0776,Axl,5,C
0777,Anakin,1,A
0778,Brodie,9,A
0779,Dash,4,C
0780,Anson,7,A
0781,Maison,4,B
0782,Zaire,1,A
0783,Samir,10,A
0784,Damari,5,C
0785,Elisha,7,C
0786,Davion,2,A
0787,Eugene,10,C
0788,Hassan,5,A
0789,Kannon,4,B
0790,Azariah,1,C
0791,Clyde,8,A
0792,Harper,3,A
0793,Nickolas,10,B
0794,Boone,1,B
0795,Magnus,1,B
0796,Coen,3,B
0797,Kole,7,C
0798,Willie,1,A
0799,Chad,3,B
0800,Xzavier,10,A
0801,Duncan,9,A
0802,Harold,6,A
0803,Houston,9,B
0804,Landry,5,A
0805,Trace,9,C
0806,Alvaro,3,B
0807,Ameer,6,C
0808,Junior,9,A
0809,Kamdyn,9,A
0810,Vincenzo,1,C
0811,Gerald,1,C
0812,Marlon,1,B
0813,Payton,3,B
0814,Jamie,9,C
0815,Kamryn,4,A
0816,Camdyn,4,B
0817,Anders,10,A
0818,Aydin,3,B
0819,Bentlee,7,C
0820,Reginald,2,B
0821,Jaziel,1,B
0822,Benton,5,B
0823,Bodie,6,C
0824,Misael,10,B
0825,Westin,10,A
0826,Will,9,A
0827,Channing,7,C
0828,Harlan,10,B
0829,Kody,5,C
0830,Kolten,1,C
0831,Thatcher,1,A
0832,Valentin,5,B
0833,Henrik,6,A
0834,Keenan,4,B
0835,Terrence,4,A
0836,Denver,4,C
0837,Emory,1,B
0838,Jerome,5,A
0839,Jermaine,2,B
0840,Cairo,9,C
0841,Sonny,10,A
0842,Mayson,2,B
0843,Alfred,6,C
0844,Cristiano,4,A
0845,Darian,10,A
0846,Eliseo,4,A
0847,Maxim,10,A
0848,Stefan,7,A
0849,Hugh,3,A
0850,Santana,6,B
0851,Javion,5,B
0852,Leighton,1,A
0853,Miller,8,A
0854,Riaan,1,C
0855,Rogelio,6,C
0856,Rudy,5,B
0857,Blaze,6,C
0858,Bridger,1,A
0859,Darwin,8,B
0860,Markus,4,C
0861,Ronnie,2,C
0862,Shepherd,1,C
0863,Vaughn,2,B
0864,Billy,1,B
0865,Marley,10,B
0866,Huxley,3,B
0867,Rey,8,B
0868,Keagan,6,A
0869,Draven,3,C
0870,Shiloh,10,C
0871,Brysen,2,B
0872,Giovani,9,B
0873,Alistair,3,A
0874,Brixton,3,B
0875,Heath,7,B
0876,Kalel,7,C
0877,Reuben,8,C
0878,Ridge,3,A
0879,Adrien,2,B
0880,Rene,3,B
0881,Sutton,10,B
0882,Zyaire,8,B
0883,Ephraim,5,C
0884,Neymar,1,C
0885,Vance,5,A
0886,Zavier,5,B
0887,Jessie,2,A
0888,Dangelo,3,B
0889,Dayton,1,A
0890,Emmet,9,A
0891,Ishaan,3,C
0892,Zaid,1,B
0893,Camron,7,C
0894,Jordy,4,A
0895,Kenny,3,B
0896,Micheal,7,C
0897,Shaun,10,A
0898,Alexzander,3,A
0899,Howard,2,C
0900,Kylo,2,A
0901,Eason,9,C
0902,Blaise,3,B
0903,Craig,1,A
0904,Hakeem,4,B
0905,Karim,1,B
0906,Jabari,5,A
0907,Jairo,4,B
0908,Khalid,5,A
0909,Turner,10,A
0910,Van,1,A
0911,Westley,1,A
0912,Braiden,7,B
0913,Cedric,4,B
0914,Darrell,10,C
0915,Louie,5,C
0916,Mustafa,2,B
0917,Yehuda,6,B
0918,Justus,2,A
0919,Salvatore,8,C
0920,Alfonso,9,A
0921,Kendall,4,C
0922,Konnor,1,B
0923,Lamar,1,A
0924,Gibson,6,B
0925,Ignacio,9,A
0926,Koda,5,A
0927,Leroy,3,C
0928,Terrell,9,B
0929,Tristian,5,B
0930,Achilles,3,B
0931,Jericho,6,A
0932,Ramiro,9,A
0933,Yahya,3,B
0934,Rolando,2,A
0935,Vivaan,7,C
0936,Dario,6,C
0937,Jair,9,A
0938,Ulises,9,A
0939,Judson,1,B
0940,Kashton,7,C
0941,Tadeo,7,C
0942,Marquis,8,A
0943,Avi,1,A
0944,Dimitri,4,B
0945,Dwayne,6,C
0946,Musa,8,C
0947,Ahmir,1,C
0948,Gordon,6,A
0949,Ira,1,C
0950,Seamus,8,A
0951,Kolby,2,C
0952,Brantlee,1,C
0953,Javon,8,C
0954,Rocky,4,A
0955,Urijah,3,A
0956,Brayson,1,B
0957,Mikael,2,B
0958,Santos,9,A
0959,Gilbert,8,B
0960,Greysen,7,A
0961,Lyric,1,C
0962,Coleman,6,B
0963,Dominique,2,C
0964,Foster,4,B
0965,Gauge,8,B
0966,Harris,6,A
0967,Kymani,2,A
0968,Leif,5,C
0969,Agustin,4,A
0970,Keanu,2,B
0971,Konner,8,A
0972,Brent,5,A
0973,Immanuel,9,A
0974,Benicio,2,A
0975,Ernest,8,C
0976,Merrick,6,C
0977,Yisroel,7,B
0978,Amare,3,C
0979,Jad,3,A
0980,Lyle,10,B
0981,Creed,5,A
0982,Krish,6,B
0983,Maddux,10,C
0984,Camilo,2,A
0985,Giancarlo,10,A
0986,Jamarion,2,C
0987,Steve,7,A
0988,Anton,3,A
0989,Jamar,9,A
0990,Jeremias,1,B
0991,Ralph,7,B
0992,Wesson,8,B
0993,Bode,10,C
0994,Braeden,3,B
0995,Brenden,9,A
0996,Eliezer,7,B
0997,Davian,4,B
0998,Gus,8,A
0999,Jonathon,3,B
1000,Emma,2,B
1001,Olivia,4,C
1002,Ava,6,C
1003,Sophia,4,A
1004,Isabella,9,B
1005,Mia,2,B
1006,Charlotte,8,A
1007,Abigail,7,A
1008,Emily,7,C
1009,Harper,4,B
1010,Amelia,2,C
1011,Evelyn,5,C
1012,Elizabeth,9,B
1013,Sofia,8,A
1014,Madison,4,C
1015,Avery,2,C
1016,Ella,10,C
1017,Scarlett,4,B
1018,Grace,7,B
1019,Chloe,10,A
1020,Victoria,7,A
1021,Riley,6,C
1022,Aria,6,A
1023,Lily,1,A
1024,Aubrey,2,A
1025,Zoey,3,A
1026,Penelope,3,A
1027,Lillian,7,B
1028,Addison,6,A
1029,Layla,9,A
1030,Natalie,1,C
1031,Camila,9,B
1032,Hannah,8,C
1033,Brooklyn,5,A
1034,Zoe,5,C
1035,Nora,8,B
1036,Leah,6,C
1037,Savannah,5,A
1038,Audrey,1,B
1039,Claire,5,B
1040,Eleanor,6,B
1041,Skylar,7,A
1042,Ellie,4,C
1043,Samantha,7,C
1044,Stella,1,B
1045,Paisley,3,B
1046,Violet,9,A
1047,Mila,1,A
1048,Allison,6,C
1049,Alexa,9,C
1050,Anna,1,B
1051,Hazel,1,A
1052,Aaliyah,6,B
1053,Ariana,6,C
1054,Lucy,3,C
1055,Caroline,9,B
1056,Sarah,10,B
1057,Genesis,10,B
1058,Kennedy,5,A
1059,Sadie,6,C
1060,Gabriella,6,B
1061,Madelyn,5,A
1062,Adeline,8,B
1063,Maya,5,B
1064,Autumn,6,A
1065,Aurora,1,B
1066,Piper,7,B
1067,Hailey,7,B
1068,Arianna,9,C
1069,Kaylee,6,A
1070,Ruby,6,A
1071,Serenity,1,A
1072,Eva,8,C
1073,Naomi,3,A
1074,Nevaeh,2,B
1075,Alice,2,C
1076,Luna,7,B
1077,Bella,9,B
1078,Quinn,1,B
1079,Lydia,1,A
1080,Peyton,2,B
1081,Melanie,8,B
1082,Kylie,1,A
1083,Aubree,5,B
1084,Mackenzie,6,A
1085,Kinsley,1,B
1086,Cora,9,A
1087,Julia,10,A
1088,Taylor,9,C
1089,Katherine,4,C
1090,Madeline,2,C
1091,Gianna,2,C
1092,Eliana,10,A
1093,Elena,6,C
1094,Vivian,6,A
1095,Willow,10,B
1096,Reagan,2,A
1097,Brianna,4,A
1098,Clara,9,B
1099,Faith,1,B
1100,Ashley,9,C
1101,Emilia,7,B
1102,Isabelle,1,B
1103,Annabelle,5,C
1104,Rylee,9,B
1105,Valentina,5,C
1106,Everly,6,C
1107,Hadley,8,C
1108,Sophie,3,B
1109,Alexandra,3,B
1110,Natalia,3,C
1111,Ivy,2,B
1112,Maria,4,A
1113,Josephine,7,A
1114,Delilah,1,A
1115,Bailey,9,A
1116,Jade,8,C
1117,Ximena,1,A
1118,Alexis,7,C
1119,Alyssa,6,C
1120,Brielle,9,C
1121,Jasmine,9,A
1122,Liliana,4,A
1123,Adalynn,1,C
1124,Khloe,2,C
1125,Isla,2,C
1126,Mary,8,A
1127,Andrea,5,A
1128,Kayla,9,B
1129,Emery,5,C
1130,London,4,C
1131,Kimberly,10,B
1132,Morgan,3,C
1133,Lauren,7,A
1134,Sydney,9,B
1135,Nova,1,A
1136,Trinity,4,C
1137,Lyla,9,A
1138,Margaret,6,B
1139,Ariel,8,A
1140,Adalyn,9,A
1141,Athena,10,A
1142,Lilly,9,C
1143,Melody,7,B
1144,Isabel,8,B
1145,Jordyn,1,C
1146,Jocelyn,4,A
1147,Eden,5,B
1148,Paige,4,A
1149,Teagan,9,A
1150,Valeria,7,C
1151,Sara,3,C
1152,Norah,1,A
1153,Rose,6,A
1154,Aliyah,9,B
1155,Mckenzie,9,C
1156,Molly,5,A
1157,Raelynn,5,B
1158,Leilani,2,A
1159,Valerie,10,A
1160,Emerson,8,C
1161,Juliana,4,B
1162,Nicole,7,B
1163,Laila,8,B
1164,Makayla,1,C
1165,Elise,10,A
1166,Mariah,9,B
1167,Mya,10,A
1168,Arya,9,C
1169,Ryleigh,4,B
1170,Adaline,5,A
1171,Brooke,8,C
1172,Rachel,6,B
1173,Eliza,6,B
1174,Angelina,5,C
1175,Amy,3,A
1176,Reese,3,B
1177,Alina,4,C
1178,Cecilia,5,A
1179,Londyn,7,C
1180,Gracie,5,A
1181,Payton,4,A
1182,Esther,8,A
1183,Alaina,7,A
1184,Charlie,9,A
1185,Iris,9,A
1186,Arabella,6,A
1187,Genevieve,3,A
1188,Finley,3,C
1189,Daisy,4,B
1190,Harmony,9,C
1191,Anastasia,8,C
1192,Kendall,6,B
1193,Daniela,4,B
1194,Catherine,6,B
1195,Adelyn,3,C
1196,Vanessa,3,B
1197,Brooklynn,5,C
1198,Juliette,2,A
1199,Julianna,3,C
1200,Presley,9,C
1201,Summer,4,A
1202,Destiny,10,A
1203,Amaya,7,C
1204,Hayden,8,B
1205,Alana,10,C
1206,Rebecca,10,B
1207,Michelle,4,A
1208,Eloise,6,B
1209,Lila,2,B
1210,Fiona,4,C
1211,Callie,2,C
1212,Lucia,8,A
1213,Angela,1,A
1214,Marley,2,C
1215,Adriana,2,B
1216,Parker,9,A
1217,Alexandria,6,C
1218,Giselle,8,A
1219,Alivia,1,A
1220,Alayna,9,C
1221,Brynlee,4,B
1222,Ana,10,B
1223,Harley,6,A
1224,Gabrielle,3,B
1225,Dakota,6,A
1226,Georgia,2,A
1227,Juliet,8,A
1228,Tessa,1,C
1229,Leila,3,A
1230,Kate,1,A
1231,Jayla,7,C
1232,Jessica,2,C
1233,Lola,7,A
1234,Stephanie,1,B
1235,Sienna,4,C
1236,Josie,8,A
1237,Daleyza,6,B
1238,Rowan,5,C
1239,Evangeline,1,B
1240,Hope,6,A
1241,Maggie,3,A
1242,Camille,9,A
1243,Makenzie,8,B
1244,Vivienne,6,B
1245,Sawyer,2,A
1246,Gemma,5,B
1247,Joanna,4,C
1248,Noelle,8,B
1249,Elliana,9,A
1250,Mckenna,2,B
1251,Gabriela,2,B
1252,Kinley,4,B
1253,Rosalie,3,B
1254,Brynn,1,B
1255,Amiyah,1,B
1256,Melissa,5,B
1257,Adelaide,4,C
1258,Malia,7,C
1259,Ayla,4,B
1260,Izabella,1,C
1261,Delaney,1,C
1262,Cali,5,C
1263,Journey,5,C
1264,Maci,1,C
1265,Elaina,2,C
1266,Sloane,4,C
1267,June,9,B
1268,Diana,6,A
1269,Blakely,1,C
1270,Aniyah,3,A
1271,Olive,3,B
1272,Jennifer,6,B
1273,Paris,4,C
1274,Miranda,2,B
1275,Lena,9,B
1276,Jacqueline,4,B
1277,Paislee,6,A
1278,Jane,9,C
1279,Raegan,5,B
1280,Lyric,2,B
1281,Lilliana,8,A
1282,Adelynn,10,B
1283,Lucille,10,A
1284,Selena,4,A
1285,River,4,C
1286,Annie,10,C
1287,Cassidy,2,A
1288,Jordan,9,B
1289,Thea,2,B
1290,Mariana,8,B
1291,Amina,6,C
1292,Miriam,3,B
1293,Haven,9,B
1294,Remi,5,A
1295,Charlee,2,A
1296,Blake,2,C
1297,Lilah,4,B
1298,Ruth,4,A
1299,Amara,6,A
1300,Kali,9,A
1301,Kylee,3,C
1302,Arielle,2,B
1303,Emersyn,4,A
1304,Alessandra,8,C
1305,Fatima,5,C
1306,Talia,10,B
1307,Vera,2,A
1308,Nina,7,C
1309,Ariah,4,B
1310,Allie,1,C
1311,Addilyn,9,A
1312,Keira,6,B
1313,Catalina,1,A
1314,Raelyn,10,B
1315,Phoebe,7,B
1316,Lexi,3,A
1317,Zara,4,A
1318,Makenna,2,A
1319,Ember,3,B
1320,Leia,9,B
1321,Rylie,10,A
1322,Angel,8,A
1323,Haley,5,B
1324,Madilyn,5,A
1325,Kaitlyn,7,A
1326,Heaven,2,B
1327,Nyla,5,B
1328,Amanda,8,B
1329,Freya,7,A
1330,Journee,8,C
1331,Daniella,3,B
1332,Danielle,3,C
1333,Kenzie,4,C
1334,Ariella,2,B
1335,Lia,2,A
1336,Brinley,4,A
1337,Maddison,9,A
1338,Shelby,1,B
1339,Elsie,2,C
1340,Kamila,4,C
1341,Camilla,1,C
1342,Alison,1,A
1343,Ainsley,7,B
1344,Ada,6,B
1345,Laura,4,C
1346,Kendra,4,C
1347,Kayleigh,1,A
1348,Adrianna,2,B
1349,Madeleine,2,A
1350,Joy,7,A
1351,Juniper,8,A
1352,Chelsea,8,C
1353,Sage,6,A
1354,Erin,7,C
1355,Felicity,4,B
1356,Gracelyn,7,B
1357,Nadia,6,C
1358,Skyler,5,A
1359,Briella,8,A
1360,Aspen,8,C
1361,Myla,9,B
1362,Heidi,3,C
1363,Katie,3,B
1364,Zuri,3,A
1365,Jenna,7,C
1366,Kyla,6,C
1367,Kaia,3,A
1368,Kira,1,A
1369,Sabrina,9,B
1370,Gracelynn,4,A
1371,Gia,3,C
1372,Amira,4,B
1373,Alexia,9,C
1374,Amber,2,B
1375,Cadence,7,B
1376,Esmeralda,1,A
1377,Katelyn,1,C
1378,Scarlet,6,C
1379,Kamryn,5,A
1380,Alicia,2,C
1381,Miracle,3,C
1382,Kelsey,1,C
1383,Logan,3,A
1384,Kiara,10,B
1385,Bianca,8,A
1386,Kaydence,10,B
1387,Alondra,4,A
1388,Evelynn,6,B
1389,Christina,8,C
1390,Lana,6,A
1391,Aviana,9,B
1392,Dahlia,7,A
1393,Dylan,3,C
1394,Anaya,10,A
1395,Ashlyn,6,A
1396,Jada,3,B
1397,Kathryn,3,C
1398,Jimena,3,A
1399,Elle,7,B
1400,Gwendolyn,2,B
1401,April,2,B
1402,Carmen,2,A
1403,Mikayla,7,B
1404,Annalise,1,A
1405,Maeve,5,C
1406,Camryn,4,C
1407,Helen,4,B
1408,Daphne,2,A
1409,Braelynn,10,B
1410,Carly,8,B
1411,Cheyenne,6,C
1412,Leslie,5,C
1413,Veronica,1,A
1414,Nylah,6,B
1415,Kennedi,8,A
1416,Skye,6,A
1417,Evie,10,C
1418,Averie,4,A
1419,Harlow,4,A
1420,Allyson,1,A
1421,Carolina,4,C
1422,Tatum,3,C
1423,Francesca,4,B
1424,Aylin,8,B
1425,Ashlynn,6,C
1426,Sierra,2,A
1427,Mckinley,2,C
1428,Leighton,1,C
1429,Maliyah,10,B
1430,Annabella,1,C
1431,Megan,2,B
1432,Margot,2,A
1433,Luciana,5,A
1434,Mallory,3,B
1435,Millie,2,B
1436,Regina,5,A
1437,Nia,8,C
1438,Rosemary,2,A
1439,Saylor,4,B
1440,Abby,8,B
1441,Briana,6,C
1442,Phoenix,8,C
1443,Viviana,1,A
1444,Alejandra,8,C
1445,Frances,10,A
1446,Jayleen,10,C
1447,Serena,2,B
1448,Lorelei,9,A
1449,Zariah,10,B
1450,Ariyah,3,B
1451,Jazmin,9,C
1452,Avianna,8,C
1453,Carter,2,C
1454,Marlee,9,A
1455,Eve,5,C
1456,Aleah,3,A
1457,Remington,1,B
1458,Amari,3,B
1459,Bethany,1,B
1460,Fernanda,7,B
1461,Malaysia,5,C
1462,Willa,1,B
1463,Liana,2,C
1464,Ryan,2,B
1465,Addyson,3,C
1466,Yaretzi,6,B
1467,Colette,3,B
1468,Macie,9,C
1469,Selah,3,C
1470,Nayeli,7,B
1471,Madelynn,5,C
1472,Michaela,10,B
1473,Priscilla,7,C
1474,Janelle,9,A
1475,Samara,2,C
1476,Justice,5,B
1477,Itzel,2,C
1478,Emely,3,C
1479,Lennon,5,C
1480,Aubrie,2,A
1481,Julie,5,B
1482,Kyleigh,1,A
1483,Sarai,9,A
1484,Braelyn,7,B
1485,Alani,9,A
1486,Lacey,5,B
1487,Edith,8,C
1488,Elisa,3,A
1489,Macy,8,A
1490,Marilyn,3,A
1491,Baylee,1,A
1492,Karina,8,B
1493,Raven,7,C
1494,Celeste,1,A
1495,Adelina,3,C
1496,Matilda,9,C
1497,Kara,6,A
1498,Jamie,6,B
1499,Charleigh,6,A
1500,Aisha,2,B
1501,Kassidy,3,C
1502,Hattie,10,B
1503,Karen,3,A
1504,Sylvia,9,A
1505,Winter,1,A
1506,Aleena,6,B
1507,Angelica,7,C
1508,Magnolia,4,B
1509,Cataleya,6,C
1510,Danna,3,C
1511,Henley,6,B
1512,Mabel,7,B
1513,Kelly,6,C
1514,Brylee,2,C
1515,Jazlyn,7,C
1516,Virginia,6,B
1517,Helena,7,B
1518,Jillian,8,C
1519,Madilynn,3,C
1520,Blair,1,B
1521,Galilea,6,C
1522,Kensley,6,B
1523,Wren,1,B
1524,Bristol,7,C
1525,Emmalyn,9,C
1526,Holly,4,B
1527,Lauryn,5,B
1528,Cameron,5,B
1529,Hanna,4,C
1530,Meredith,1,B
1531,Royalty,3,B
1532,Sasha,8,B
1533,Lilith,6,A
1534,Jazmine,10,C
1535,Alayah,2,B
1536,Madisyn,8,B
1537,Cecelia,8,C
1538,Renata,10,B
1539,Lainey,4,C
1540,Liberty,1,B
1541,Brittany,1,A
1542,Savanna,9,B
1543,Imani,10,B
1544,Kyra,3,B
1545,Mira,7,B
1546,Mariam,10,A
1547,Tenley,10,B
1548,Aitana,9,C
1549,Gloria,3,A
1550,Maryam,4,C
1551,Giuliana,7,B
1552,Skyla,5,B
1553,Anne,6,C
1554,Johanna,5,B
1555,Myra,9,C
1556,Charley,6,A
1557,Tiffany,2,A
1558,Beatrice,8,B
1559,Karla,6,C
1560,Cynthia,10,C
1561,Janiyah,3,B
1562,Melany,4,A
1563,Alanna,6,B
1564,Lilian,2,B
1565,Demi,1,A
1566,Pearl,9,A
1567,Jaylah,4,C
1568,Maia,7,A
1569,Cassandra,4,A
1570,Jolene,7,C
1571,Crystal,1,B
1572,Everleigh,5,C
1573,Maisie,6,B
1574,Anahi,7,A
1575,Elianna,4,C
1576,Hallie,10,B
1577,Ivanna,10,B
1578,Oakley,3,C
1579,Ophelia,9,A
1580,Emelia,4,A
1581,Mae,7,B
1582,Marie,10,C
1583,Rebekah,1,B
1584,Azalea,10,B
1585,Haylee,6,B
1586,Bailee,6,C
1587,Anika,3,A
1588,Monica,10,C
1589,Kimber,8,B
1590,Sloan,9,A
1591,Jayda,5,C
1592,Anya,9,A
1593,Bridget,5,A
1594,Kailey,4,A
1595,Julissa,2,C
1596,Marissa,4,C
1597,Leona,6,B
1598,Aileen,7,C
1599,Addisyn,9,C
1600,Kaliyah,9,B
1601,Coraline,1,A
1602,Dayana,8,B
1603,Kaylie,5,C
1604,Celine,9,C
1605,Jaliyah,4,C
1606,Elaine,9,C
1607,Lillie,2,A
1608,Melina,10,B
1609,Jaelyn,5,C
1610,Shiloh,10,A
1611,Jemma,4,C
1612,Madalyn,1,B
1613,Addilynn,9,C
1614,Alaia,1,C
1615,Mikaela,2,C
1616,Adley,8,C
1617,Saige,3,B
1618,Angie,3,B
1619,Dallas,7,B
1620,Braylee,2,C
1621,Elsa,1,A
1622,Emmy,3,B
1623,Hayley,10,A
1624,Siena,10,A
1625,Lorelai,4,A
1626,Miah,6,C
1627,Royal,9,C
1628,Tiana,9,B
1629,Elliot,4,A
1630,Kori,10,B
1631,Greta,9,A
1632,Charli,5,A
1633,Elliott,9,C
1634,Julieta,4,B
1635,Alena,7,C
1636,Rory,4,B
1637,Harlee,7,C
1638,Rosa,5,C
1639,Ivory,10,A
1640,Guadalupe,6,C
1641,Jessie,9,B
1642,Laurel,9,B
1643,Annika,7,B
1644,Clarissa,9,B
1645,Karsyn,1,A
1646,Collins,7,C
1647,Kenia,7,B
1648,Milani,8,B
1649,Alia,7,B
1650,Chanel,9,C
1651,Dorothy,8,C
1652,Armani,10,A
1653,Emory,6,C
1654,Ellen,4,C
1655,Irene,2,A
1656,Adele,6,C
1657,Jaelynn,6,C
1658,Myah,3,C
1659,Hadassah,8,A
1660,Jayde,6,B
1661,Lilyana,9,C
1662,Malaya,1,C
1663,Kenna,5,B
1664,Amelie,3,C
1665,Reyna,6,B
1666,Teresa,3,C
1667,Angelique,3,C
1668,Linda,4,C
1669,Nathalie,2,B
1670,Kora,2,B
1671,Zahra,8,B
1672,Aurelia,10,A
1673,Kalani,10,A
1674,Rayna,9,A
1675,Jolie,9,B
1676,Sutton,4,B
1677,Aniya,7,A
1678,Jessa,2,B
1679,Laylah,6,B
1680,Esme,5,C
1681,Keyla,5,B
1682,Ariya,1,C
1683,Elisabeth,4,C
1684,Marina,1,B
1685,Mara,9,C
1686,Meadow,8,C
1687,Aliza,1,C
1688,Zelda,5,B
1689,Lea,10,B
1690,Elyse,2,B
1691,Monroe,4,A
1692,Penny,6,A
1693,Lilianna,10,A
1694,Lylah,1,C
1695,Liv,4,B
1696,Scarlette,10,B
1697,Kadence,5,B
1698,Ansley,1,B
1699,Emilee,10,A
1700,Perla,3,C
1701,Annabel,10,B
1702,Alaya,1,A
1703,Milena,8,C
1704,Karter,8,A
1705,Avah,9,A
1706,Amirah,4,B
1707,Leyla,3,C
1708,Livia,1,B
1709,Chaya,7,A
1710,Wynter,8,C
1711,Jaycee,10,B
1712,Lailah,4,C
1713,Amani,2,C
1714,Milana,7,A
1715,Lennox,4,C
1716,Remy,3,C
1717,Zariyah,9,B
1718,Clare,6,B
1719,Hadlee,1,B
1720,Kiera,7,B
1721,Rosie,1,C
1722,Alma,1,C
1723,Kaelyn,10,B
1724,Eileen,10,C
1725,Jayden,1,B
1726,Martha,4,A
1727,Noa,7,B
1728,Christine,1,C
1729,Ariadne,8,A
1730,Natasha,7,B
1731,Emerie,8,A
1732,Tatiana,1,A
1733,Joselyn,8,B
1734,Joyce,5,C
1735,Salma,3,A
1736,Amiya,7,B
1737,Audrina,3,B
1738,Kinslee,5,A
1739,Jaylene,9,C
1740,Analia,4,A
1741,Erika,4,A
1742,Lexie,6,B
1743,Mina,2,A
1744,Patricia,5,B
1745,Dulce,8,B
1746,Poppy,9,A
1747,Aubrielle,6,C
1748,Clementine,9,A
1749,Lara,1,B
1750,Amaris,4,A
1751,Milan,8,C
1752,Aliana,8,C
1753,Kailani,2,A
1754,Kaylani,9,A
1755,Maleah,10,A
1756,Belen,6,C
1757,Simone,1,A
1758,Whitney,4,C
1759,Elora,8,A
1760,Claudia,8,A
1761,Gwen,8,A
1762,Rylan,6,C
1763,Antonella,1,A
1764,Khaleesi,5,A
1765,Arely,7,B
1766,Princess,3,C
1767,Kenley,6,A
1768,Itzayana,3,A
1769,Karlee,3,C
1770,Paulina,6,C
1771,Laney,1,C
1772,Bria,3,A
1773,Chana,10,B
1774,Kynlee,9,A
1775,Astrid,1,C
1776,Giovanna,2,A
1777,Lindsey,1,B
1778,Sky,1,C
1779,Aryanna,4,A
1780,Ayleen,3,C
1781,Azariah,6,A
1782,Joelle,6,A
1783,Nala,6,B
1784,Tori,8,A
1785,Noemi,9,C
1786,Breanna,9,A
1787,Emmeline,9,B
1788,Mavis,7,B
1789,Amalia,7,B
1790,Mercy,7,B
1791,Tinley,2,A
1792,Averi,1,C
1793,Aiyana,1,A
1794,Alyson,5,A
1795,Corinne,3,A
1796,Leanna,10,C
1797,Madalynn,9,A
1798,Briar,4,A
1799,Jaylee,7,B
1800,Kailyn,7,C
1801,Kassandra,8,A
1802,Kaylin,3,B
1803,Nataly,3,A
1804,Amia,5,B
1805,Yareli,6,B
1806,Cara,5,C
1807,Taliyah,4,B
1808,Thalia,10,C
1809,Carolyn,1,B
1810,Estrella,10,A
1811,Montserrat,7,A
1812,Zaylee,6,A
1813,Anabelle,9,B
1814,Deborah,5,B
1815,Frida,9,B
1816,Zaria,5,C
1817,Kairi,9,B
1818,Katalina,4,C
1819,Nola,3,C
1820,Erica,2,B
1821,Isabela,8,B
1822,Jazlynn,10,A
1823,Paula,7,B
1824,Faye,6,B
1825,Louisa,10,C
1826,Alessia,10,C
1827,Courtney,4,B
1828,Reign,6,B
1829,Ryann,10,A
1830,Stevie,4,A
1831,Heavenly,1,A
1832,Lisa,1,A
1833,Roselyn,2,B
1834,Raina,3,C
1835,Adrienne,4,A
1836,Celia,7,C
1837,Estelle,5,B
1838,Marianna,1,A
1839,Brenda,2,A
1840,Kathleen,6,B
1841,Paola,2,B
1842,Hunter,6,C
1843,Ellis,10,B
1844,Hana,10,A
1845,Lina,2,B
1846,Raquel,6,A
1847,Aliya,10,A
1848,Iliana,6,C
1849,Kallie,3,C
1850,Emmalynn,4,A
1851,Naya,4,C
1852,Reina,4,A
1853,Wendy,5,C
1854,Landry,3,B
1855,Barbara,7,C
1856,Casey,4,C
1857,Karlie,2,A
1858,Kiana,4,B
1859,Rivka,6,B
1860,Kenya,4,A
1861,Aya,10,B
1862,Carla,6,C
1863,Dalary,10,B
1864,Jaylynn,7,B
1865,Sariah,10,C
1866,Andi,2,A
1867,Romina,9,B
1868,Dana,6,B
1869,Danica,7,A
1870,Ingrid,6,B
1871,Kehlani,9,A
1872,Zaniyah,7,B
1873,Alannah,7,A
1874,Avalynn,6,A
1875,Evalyn,7,A
1876,Sandra,2,A
1877,Veda,4,A
1878,Hadleigh,5,A
1879,Paityn,9,B
1880,Abril,6,B
1881,Ciara,9,A
1882,Holland,4,C
1883,Lillianna,9,B
1884,Kai,9,A
1885,Bryleigh,5,C
1886,Emilie,2,C
1887,Carlee,2,B
1888,Judith,3,C
1889,Kristina,8,C
1890,Janessa,8,A
1891,Annalee,9,B
1892,Zoie,5,C
1893,Maliah,2,B
1894,Bonnie,4,A
1895,Emmaline,6,B
1896,Louise,2,C
1897,Kaylynn,10,B
1898,Monserrat,5,B
1899,Nancy,8,B
1900,Noor,1,C
1901,Vada,9,C
1902,Aubriella,3,A
1903,Maxine,1,B
1904,Nathalia,2,A
1905,Tegan,8,B
1906,Aranza,5,A
1907,Emmie,3,C
1908,Brenna,5,B
1909,Estella,1,B
1910,Ellianna,10,C
1911,Kailee,9,A
1912,Ailani,9,A
1913,Caylee,4,B
1914,Zainab,2,B
1915,Zendaya,5,B
1916,Jana,10,C
1917,Julianne,7,A
1918,Ellison,1,A
1919,Sariyah,1,C
1920,Lizbeth,10,C
1921,Susan,2,C
1922,Alyvia,3,A
1923,Jewel,7,B
1924,Marjorie,9,C
1925,Marleigh,5,B
1926,Nathaly,3,B
1927,Sharon,9,B
1928,Yamileth,6,A
1929,Zion,9,C
1930,Mariyah,1,B
1931,Lyra,5,A
1932,Belle,2,C
1933,Yasmin,2,A
1934,Kaiya,9,C
1935,Maren,2,A
1936,Marisol,10,B
1937,Vienna,5,A
1938,Calliope,6,B
1939,Hailee,4,A
1940,Rayne,3,B
1941,Tabitha,1,C
1942,Anabella,8,C
1943,Blaire,10,C
1944,Giana,9,B
1945,Milania,8,B
1946,Paloma,2,B
1947,Amya,4,A
1948,Novalee,6,B
1949,Harleigh,3,B
1950,Ramona,9,B
1951,Rhea,1,A
1952,Aadhya,2,B
1953,Miya,2,A
1954,Desiree,10,C
1955,Frankie,3,A
1956,Sylvie,6,B
1957,Jasmin,8,A
1958,Moriah,8,B
1959,Rosalyn,5,A
1960,Kaya,9,A
1961,Joslyn,9,B
1962,Tinsley,8,B
1963,Farrah,10,B
1964,Aislinn,4,C
1965,Halle,2,B
1966,Madyson,9,C
1967,Micah,5,A
1968,Arden,5,A
1969,Bexley,9,C
1970,Ari,4,B
1971,Aubri,3,B
1972,Ayana,1,C
1973,Cherish,4,B
1974,Davina,8,C
1975,Anniston,7,B
1976,Riya,3,C
1977,Adilynn,9,B
1978,Ally,3,C
1979,Amayah,5,B
1980,Harmoni,3,A
1981,Heather,9,A
1982,Saoirse,1,B
1983,Azaria,4,B
1984,Alisha,10,B
1985,Nalani,8,C
1986,Maylee,2,B
1987,Shayla,6,B
1988,Briley,4,A
1989,Elin,2,B
1990,Lilia,1,C
1991,Ann,6,A
1992,Antonia,2,C
1993,Aryana,7,B
1994,Chandler,7,C
1995,Esperanza,1,A
1996,Lilyanna,10,A
1997,Alianna,9,B
1998,Luz,9,C
1999,Meilani,3,A
